area_sqft,bedrooms,bathrooms,parking,age_years,location,price
956,1,1,1,7,Coimbatore,5060000
2733,1,2,0,0,Chennai,13880000
1452,5,4,1,22,Salem,8570000
1402,4,4,0,24,Coimbatore,8050000
1893,3,3,1,30,Madurai,9030000
879,4,3,2,27,Madurai,5280000
677,4,3,3,2,Salem,5700000
1981,5,4,0,1,Coimbatore,12020000
826,2,1,3,8,Trichy,5100000
1166,3,3,1,21,Madurai,6170000
2995,2,2,1,14,Trichy,14360000
2781,2,2,0,7,Chennai,14200000
2143,3,2,1,29,Salem,10120000
1370,4,4,3,4,Madurai,8860000
1510,5,4,3,28,Salem,8810000
1982,2,2,3,2,Chennai,11080000
1126,2,3,0,12,Trichy,6310000
2667,3,2,0,21,Salem,12680000
1893,1,1,3,5,Trichy,9320000
1578,5,4,0,27,Madurai,8930000
2994,2,2,2,24,Coimbatore,14540000
2672,1,1,3,0,Chennai,14000000
1759,2,1,1,28,Salem,7650000
850,4,3,1,4,Trichy,6400000
1176,3,4,1,29,Salem,6050000
1776,4,4,3,28,Salem,9720000
995,2,2,0,10,Chennai,6260000
1442,5,4,0,2,Chennai,9780000
776,1,1,0,16,Coimbatore,3830000
2488,2,2,3,7,Trichy,12870000
1279,1,1,3,11,Trichy,6690000
2412,1,1,0,12,Madurai,11020000
1518,2,2,3,4,Trichy,8420000
1640,4,4,0,14,Salem,8980000
707,5,4,0,29,Coimbatore,4760000
2164,4,4,1,27,Trichy,10850000
1174,4,3,3,8,Trichy,7680000
2232,5,4,1,6,Madurai,12770000
739,5,4,2,1,Chennai,7230000
2559,5,4,0,30,Salem,12650000
1261,1,1,1,12,Chennai,6970000
1508,5,4,0,13,Salem,9280000
2641,3,3,1,21,Madurai,12980000
1587,4,4,2,14,Madurai,9120000
538,4,3,0,17,Coimbatore,4400000
1586,2,2,0,28,Coimbatore,7520000
1667,2,3,2,19,Salem,8160000
2771,3,2,1,8,Chennai,14380000
2766,2,2,2,19,Coimbatore,13560000
1333,3,4,2,28,Chennai,7450000
2234,3,2,0,10,Coimbatore,11580000
1161,4,4,0,3,Chennai,8030000
2734,1,1,1,13,Coimbatore,12700000
1762,3,2,2,6,Coimbatore,9790000
1948,5,4,1,29,Coimbatore,10490000
1225,4,3,1,23,Madurai,7040000
1516,3,3,0,12,Chennai,8970000
1411,2,3,2,9,Coimbatore,8030000
596,2,3,2,8,Chennai,4770000
1938,5,4,2,30,Chennai,10790000
1569,2,2,0,3,Salem,8470000
1915,3,4,0,12,Salem,10070000
1543,1,2,0,16,Salem,7100000
1991,4,3,2,19,Madurai,10540000
1730,5,4,3,10,Trichy,10650000
2770,2,2,3,21,Trichy,13200000
2831,3,4,0,9,Madurai,14460000
2260,5,4,3,14,Trichy,12740000
2593,4,4,0,9,Salem,13770000
882,2,2,1,25,Coimbatore,4420000
600,1,1,3,19,Chennai,3830000
2197,5,4,3,15,Trichy,12440000
1104,1,1,3,7,Coimbatore,6460000
2402,1,1,0,14,Coimbatore,11450000
2675,5,4,3,19,Salem,14530000
2744,4,4,3,14,Madurai,14660000
1635,5,4,1,8,Trichy,9790000
1670,2,2,2,10,Salem,8500000
1066,2,2,3,22,Coimbatore,5770000
763,4,4,2,17,Trichy,5570000
755,2,3,3,28,Salem,3770000
2858,4,4,0,30,Madurai,13970000
2097,4,4,3,7,Madurai,12290000
2489,1,2,2,21,Trichy,11420000
2414,2,1,3,18,Salem,11340000
843,4,4,3,5,Chennai,7070000
2052,3,3,3,10,Madurai,11330000
1639,4,4,0,15,Chennai,9990000
713,3,3,0,24,Chennai,4290000
1512,2,1,1,7,Coimbatore,8300000
968,5,4,3,22,Madurai,6740000
1187,5,4,1,30,Madurai,6750000
2870,1,1,3,12,Coimbatore,13690000
2925,2,1,2,27,Salem,13140000
2818,1,1,3,21,Madurai,12800000
2572,3,2,3,26,Trichy,12330000
2275,3,4,1,13,Coimbatore,12430000
1606,5,4,3,13,Salem,9860000
1820,2,1,2,28,Trichy,8300000
2403,5,4,2,0,Trichy,14050000
1244,4,4,2,25,Madurai,7300000
1645,5,4,0,16,Coimbatore,9540000
1488,4,4,1,22,Trichy,8510000
2335,1,1,2,7,Trichy,11310000
1754,5,4,3,17,Salem,10400000
2242,5,4,2,22,Trichy,12170000
1755,3,3,0,23,Coimbatore,9030000
989,5,4,1,6,Trichy,7190000
2914,5,4,0,26,Coimbatore,14970000
1431,3,3,2,0,Salem,8520000
1623,1,1,2,22,Coimbatore,7870000
920,1,1,3,15,Trichy,4800000
1255,1,1,3,3,Chennai,7520000
2514,1,1,1,4,Salem,12130000
848,2,1,3,19,Salem,4450000
2640,4,4,3,9,Salem,14530000
1750,5,4,0,30,Coimbatore,9450000
1583,1,1,1,5,Salem,7650000
1141,1,2,3,22,Salem,5730000
1692,1,1,2,22,Madurai,7940000
791,2,2,1,13,Chennai,5330000
1420,2,2,1,2,Chennai,8310000
1759,5,4,3,3,Trichy,11130000
2148,3,4,3,2,Salem,11910000
2269,3,3,0,2,Coimbatore,12080000
1603,5,4,1,15,Salem,9630000
1639,2,3,3,2,Trichy,9440000
2172,3,3,0,27,Coimbatore,10720000
2186,4,4,3,26,Salem,11230000
2362,1,1,2,10,Chennai,12000000
2607,1,2,3,1,Coimbatore,13730000
1981,5,4,3,24,Chennai,11530000
1593,5,4,2,14,Trichy,9500000
618,5,4,1,9,Salem,5050000
2762,4,3,1,26,Chennai,14360000
981,2,3,2,16,Madurai,5750000
2476,4,4,3,17,Coimbatore,13640000
1280,5,4,0,8,Trichy,8320000
2579,3,2,2,23,Madurai,12820000
1108,4,4,2,10,Salem,7560000
2045,4,4,1,22,Coimbatore,11350000
2068,2,3,0,10,Trichy,10560000
2081,2,3,0,4,Salem,10810000
911,4,3,3,0,Coimbatore,7280000
1132,1,2,2,10,Salem,6060000
828,3,4,2,20,Trichy,5490000
647,5,4,1,20,Madurai,4950000
870,4,3,0,14,Coimbatore,5830000
618,1,1,0,9,Madurai,3370000
2264,2,2,3,18,Coimbatore,11320000
1217,1,2,1,15,Salem,5780000
1451,4,4,3,8,Chennai,9870000
1678,5,4,0,14,Madurai,9810000
2237,3,4,2,6,Trichy,12470000
936,2,3,2,18,Madurai,5320000
589,4,4,0,18,Chennai,5070000
1672,2,2,1,20,Coimbatore,8340000
1060,1,1,2,25,Trichy,4450000
2873,3,3,0,29,Madurai,13570000
2201,2,2,1,25,Salem,10290000
2674,5,4,1,8,Trichy,14690000
1887,1,2,0,4,Coimbatore,9760000
2782,3,2,3,0,Madurai,15080000
1006,4,4,2,18,Trichy,6570000
943,2,3,0,19,Salem,4940000
2998,2,1,3,29,Madurai,13920000
977,2,1,0,9,Trichy,5020000
898,2,2,3,14,Madurai,5560000
2216,5,4,3,20,Chennai,13090000
2171,3,2,2,6,Trichy,11740000
1467,3,2,2,17,Madurai,7660000
2130,3,3,0,30,Trichy,9880000
1368,5,4,0,25,Madurai,7810000
1015,5,4,0,26,Salem,6030000
2901,2,2,2,24,Coimbatore,13560000
1635,2,2,2,25,Coimbatore,7920000
605,2,1,2,25,Coimbatore,3310000
564,2,2,0,4,Trichy,4040000
965,1,2,3,24,Madurai,4980000
2931,1,2,1,30,Salem,12630000
2635,3,4,0,1,Trichy,14130000
2246,1,2,3,2,Chennai,12140000
2991,2,1,1,8,Salem,14680000
1831,4,4,3,16,Salem,10540000
906,1,1,3,14,Coimbatore,5110000
1888,4,4,3,23,Chennai,10920000
2248,3,3,2,30,Coimbatore,11360000
774,1,1,0,13,Chennai,4370000
1032,5,4,2,21,Chennai,7470000
1948,4,3,2,19,Madurai,10580000
924,5,4,1,21,Trichy,6090000
943,3,3,0,24,Madurai,5030000
2257,5,4,2,0,Coimbatore,13590000
1765,3,3,0,5,Coimbatore,10240000
2141,1,1,0,2,Salem,10310000
2040,4,4,2,5,Madurai,11860000
1828,5,4,0,4,Coimbatore,10930000
834,3,4,3,15,Salem,5770000
2196,3,3,0,11,Trichy,11150000
1660,5,4,2,1,Coimbatore,10980000
2954,1,1,1,9,Coimbatore,13990000
1546,3,3,0,0,Trichy,9110000
1219,2,3,1,16,Salem,6510000
795,4,3,3,0,Trichy,6160000
1782,5,4,3,22,Trichy,10270000
971,4,3,2,5,Salem,6900000
1982,1,2,0,7,Trichy,9790000
2646,1,2,2,23,Madurai,12140000
1864,2,1,0,16,Salem,8690000
1931,3,3,1,3,Coimbatore,10910000
1308,2,2,0,5,Trichy,7270000
2809,5,4,2,27,Madurai,14400000
2301,1,2,3,20,Madurai,10940000
2922,1,1,0,9,Trichy,13770000
654,1,1,2,2,Chennai,4820000
2074,4,3,3,29,Salem,10530000
1816,5,4,1,30,Chennai,10440000
923,3,2,1,1,Coimbatore,6460000
2299,5,4,2,11,Madurai,13150000
2174,3,2,2,2,Madurai,11630000
2785,4,4,2,23,Salem,14040000
1865,1,1,2,9,Trichy,8980000
2937,1,1,3,20,Madurai,13450000
2656,1,2,2,0,Madurai,13430000
1238,2,2,3,6,Coimbatore,7270000
1134,1,1,0,16,Salem,5410000
654,3,3,3,4,Coimbatore,5330000
1178,4,3,3,11,Coimbatore,7970000
3000,3,4,1,17,Coimbatore,15270000
2421,2,2,3,14,Madurai,12240000
2559,5,4,1,26,Coimbatore,13360000
1524,1,2,2,17,Chennai,8200000
1010,3,2,1,8,Trichy,6330000
1103,4,3,1,26,Trichy,6230000
609,4,3,3,16,Madurai,4740000
2081,1,1,1,0,Madurai,10270000
1873,2,2,0,9,Trichy,9270000
2421,4,3,0,0,Madurai,13220000
1112,5,4,0,24,Madurai,6700000
1733,1,1,1,13,Salem,8330000
757,1,2,0,20,Salem,3410000
1088,3,4,0,19,Madurai,6150000
2837,4,4,0,16,Madurai,14340000
2654,5,4,3,27,Trichy,13690000
2084,3,3,0,11,Chennai,11440000
1487,1,1,1,1,Madurai,8010000
1886,2,3,3,20,Coimbatore,9680000
758,4,3,2,6,Chennai,6220000
671,3,3,3,26,Salem,4320000
1537,1,1,2,11,Chennai,8160000
1619,1,1,3,28,Trichy,7400000
2083,3,3,3,22,Trichy,10810000
2626,3,2,3,2,Trichy,13860000
2734,3,3,0,2,Madurai,14260000
1755,4,4,1,22,Trichy,9570000
2331,1,1,3,8,Chennai,11770000
2163,3,3,0,4,Salem,11640000
642,2,1,1,24,Madurai,3220000
2068,5,4,1,21,Trichy,11390000
2023,4,3,1,16,Madurai,10970000
1787,3,3,0,0,Coimbatore,10510000
2620,4,3,2,24,Madurai,13460000
1378,5,4,3,6,Chennai,9640000
803,4,4,3,2,Madurai,6630000
765,5,4,2,27,Coimbatore,5430000
1980,5,4,0,6,Coimbatore,11710000
2523,1,1,2,14,Salem,11640000
853,1,1,3,22,Trichy,4340000
2182,4,3,1,10,Chennai,12540000
2408,5,4,1,28,Salem,12330000
1028,4,3,0,16,Coimbatore,6440000
1174,2,2,1,11,Salem,6280000
823,3,3,2,4,Madurai,6110000
882,5,4,1,5,Salem,6770000
2808,1,1,0,1,Salem,13410000
1363,5,4,0,15,Salem,8240000
1737,4,4,3,9,Trichy,10140000
745,2,3,3,15,Trichy,4620000
1893,5,4,2,27,Madurai,10480000
2133,2,2,0,10,Coimbatore,10990000
1001,3,4,1,4,Chennai,6960000
1688,4,4,1,30,Coimbatore,9090000
2866,3,3,1,15,Salem,14440000
2542,3,4,0,2,Trichy,13770000
2372,2,2,2,1,Chennai,12920000
2527,5,4,2,17,Chennai,14080000
2265,2,2,2,24,Trichy,10830000
685,4,3,1,11,Salem,4990000
801,4,4,2,26,Salem,4930000
1027,1,2,2,25,Madurai,5110000
1997,2,2,3,16,Chennai,10380000
659,2,2,3,16,Trichy,3920000
2983,5,4,2,29,Salem,15160000
1165,4,4,2,16,Salem,7500000
2506,5,4,3,26,Chennai,13960000
1856,1,2,2,25,Chennai,9250000
1587,5,4,0,18,Trichy,9020000
2647,5,4,1,26,Coimbatore,13640000
2845,1,1,0,14,Madurai,13190000
1120,4,4,3,16,Salem,7380000
755,2,2,2,21,Trichy,4350000
2043,3,3,3,29,Salem,10200000
2737,3,3,3,6,Coimbatore,14710000
2785,3,3,2,24,Madurai,13600000
2502,3,4,2,17,Madurai,12960000
999,5,4,3,26,Madurai,6450000
1689,1,1,0,11,Trichy,7920000
2462,2,2,2,29,Salem,11310000
1062,1,1,1,1,Salem,5670000
1453,1,1,3,10,Trichy,7190000
1063,1,1,3,20,Trichy,5330000
1316,3,3,2,20,Chennai,7570000
2851,2,1,1,13,Coimbatore,13570000
2126,4,4,2,28,Chennai,11280000
1722,5,4,2,9,Trichy,10770000
2647,4,4,3,8,Coimbatore,14580000
1854,2,3,2,22,Coimbatore,9160000
1880,3,3,1,19,Trichy,9810000
2610,3,2,3,21,Chennai,13390000
1075,4,4,1,0,Madurai,7690000
1464,4,4,2,9,Salem,8650000
1571,3,3,0,21,Chennai,8760000
1756,2,3,2,22,Chennai,9310000
2005,5,4,1,30,Coimbatore,11020000
1127,4,4,3,22,Salem,7120000
2701,2,2,0,16,Trichy,13060000
1981,1,1,0,26,Salem,8690000
1328,5,4,1,10,Salem,8640000
976,2,3,0,28,Salem,4760000
727,4,4,3,14,Salem,5280000
2788,4,4,0,12,Madurai,14250000
1392,5,4,0,13,Madurai,8330000
2716,1,1,3,1,Madurai,13700000
1237,2,3,2,28,Trichy,6290000
2046,4,3,1,20,Madurai,10580000
1231,5,4,1,23,Coimbatore,7390000
593,3,4,3,17,Trichy,4410000
1513,4,4,1,8,Coimbatore,9180000
631,4,3,1,6,Chennai,5400000
2932,1,2,0,7,Chennai,14620000
2297,2,2,0,4,Salem,11540000
1459,5,4,2,7,Madurai,9320000
2635,2,3,2,8,Chennai,14240000
2923,2,3,3,1,Madurai,15350000
2648,3,4,3,4,Madurai,14510000
1253,5,4,1,27,Coimbatore,7600000
1091,4,3,3,30,Trichy,6490000
2670,2,3,1,8,Coimbatore,13710000
823,4,4,0,17,Coimbatore,5410000
1599,4,3,0,6,Salem,9480000
1388,4,4,2,9,Chennai,9120000
1278,1,2,1,22,Salem,5770000
2124,2,2,2,12,Trichy,10970000
1971,3,3,2,16,Trichy,10560000
903,4,4,1,11,Madurai,6400000
687,5,4,1,0,Madurai,6470000
2892,5,4,2,4,Coimbatore,16310000
1442,4,4,3,17,Madurai,8660000
2501,4,4,1,23,Madurai,12730000
1073,5,4,1,29,Salem,6140000
2646,1,1,0,24,Chennai,12290000
1063,2,1,1,0,Coimbatore,6660000
2367,3,2,3,21,Trichy,11570000
527,5,4,0,0,Salem,5210000
2694,3,2,3,25,Coimbatore,13190000
894,5,4,1,6,Salem,6980000
1533,3,3,3,2,Madurai,9420000
2380,5,4,1,9,Chennai,13590000
882,4,4,3,17,Trichy,5880000
538,2,1,3,27,Trichy,2820000
2817,1,1,1,6,Salem,13580000
1610,1,1,2,28,Salem,7290000
634,2,2,0,30,Coimbatore,2900000
2131,1,1,1,18,Coimbatore,10280000
2093,5,4,3,24,Coimbatore,11600000
2551,3,2,0,13,Coimbatore,12660000
1895,5,4,2,0,Madurai,11950000
2509,2,2,3,13,Coimbatore,12890000
851,5,4,1,22,Chennai,6120000
1597,2,3,1,23,Trichy,7870000
1977,1,1,0,30,Madurai,8510000
1974,3,2,1,2,Coimbatore,11130000
2338,5,4,0,0,Chennai,14040000
2770,1,1,3,0,Madurai,14000000
2088,1,1,1,21,Trichy,9270000
1068,3,3,2,15,Coimbatore,6370000
1184,4,4,3,9,Trichy,7660000
1979,3,3,3,19,Salem,10260000
2375,1,1,2,0,Trichy,11940000
2056,3,4,2,13,Salem,10890000
1730,3,3,3,10,Coimbatore,10100000
1807,3,4,1,10,Trichy,9980000
2109,3,2,1,18,Salem,10380000
2753,1,2,1,14,Madurai,12760000
2175,4,4,2,7,Madurai,12200000
2233,4,3,3,19,Trichy,12020000
2688,5,4,0,25,Madurai,14060000
2932,1,1,1,21,Madurai,13120000
681,5,4,2,30,Trichy,4580000
543,1,1,1,16,Salem,2930000
2877,5,4,3,11,Trichy,15930000
2910,5,4,2,0,Trichy,16100000
1710,4,3,0,26,Coimbatore,9060000
1777,3,4,1,16,Trichy,9610000
2450,1,2,3,10,Chennai,12640000
683,1,1,2,20,Chennai,3700000
1499,5,4,1,10,Salem,9390000
2392,2,3,1,5,Trichy,12430000
619,5,4,3,18,Trichy,5340000
518,2,2,2,24,Chennai,3240000
2699,2,2,2,6,Trichy,13410000
1574,4,4,3,19,Trichy,8950000
1925,3,4,1,26,Madurai,9550000
1048,3,2,1,9,Chennai,6660000
2029,2,3,3,19,Coimbatore,10630000
2232,2,3,1,17,Coimbatore,11460000
1683,2,2,2,26,Trichy,7780000
1970,1,2,1,6,Trichy,10100000
2570,4,4,3,13,Trichy,14130000
1185,1,1,1,9,Chennai,6470000
1420,5,4,1,24,Trichy,8530000
2528,5,4,0,8,Salem,13910000
2720,1,2,1,13,Chennai,13350000
1719,1,2,2,11,Chennai,9300000
980,2,2,2,27,Salem,4910000
1179,5,4,1,26,Coimbatore,7070000
2835,3,3,1,10,Madurai,14460000
2845,3,2,1,30,Trichy,13010000
1635,2,2,1,4,Madurai,8770000
2108,4,4,2,20,Trichy,11430000
2351,1,1,3,16,Madurai,11270000
2362,4,4,0,27,Chennai,12560000
1967,1,2,1,30,Trichy,8520000
2526,3,3,2,10,Salem,12950000
2818,4,4,0,1,Chennai,15910000
566,1,1,3,14,Chennai,3900000
1328,2,2,1,27,Madurai,6070000
1976,3,2,2,21,Coimbatore,9950000
2123,3,3,3,20,Chennai,11350000
504,2,3,0,4,Salem,3610000
2627,4,3,0,22,Madurai,12950000
2229,2,3,0,7,Trichy,11120000
919,1,1,2,28,Madurai,3830000
2067,2,2,0,16,Salem,9610000
2999,2,3,2,23,Coimbatore,14400000
2186,5,4,1,2,Chennai,13180000
1004,5,4,2,30,Trichy,6250000
1072,2,2,0,7,Salem,5870000
609,3,3,1,23,Trichy,3750000
723,2,3,3,3,Coimbatore,5680000
2932,1,1,2,29,Madurai,12830000
2084,5,4,2,17,Coimbatore,12170000
798,1,1,0,8,Coimbatore,4080000
747,4,4,3,13,Trichy,5500000
2697,5,4,2,2,Madurai,15070000
2594,2,2,2,12,Salem,12540000
1770,4,4,0,7,Chennai,10870000
975,4,3,2,21,Coimbatore,6060000
551,2,1,1,15,Madurai,3430000
2618,3,3,2,4,Madurai,13750000
620,3,4,2,16,Chennai,5020000
2861,1,2,3,16,Madurai,13430000
2546,5,4,2,5,Madurai,14260000
2850,1,1,0,1,Chennai,14180000
688,4,4,3,29,Coimbatore,4780000
644,5,4,1,10,Coimbatore,5830000
1810,3,2,2,3,Salem,9800000
1234,2,1,3,2,Trichy,7150000
1772,3,2,3,0,Madurai,10180000
1694,5,4,1,14,Madurai,10240000
1300,5,4,1,0,Trichy,8630000
1454,5,4,0,30,Madurai,7690000
2041,3,2,1,16,Coimbatore,10720000
2515,1,1,2,2,Chennai,12910000
2628,4,4,3,23,Chennai,14030000
2570,2,3,0,18,Salem,12030000
2281,2,2,2,8,Madurai,11780000
1836,3,4,2,7,Chennai,10870000
1057,5,4,1,3,Coimbatore,8080000
2408,3,4,0,17,Madurai,12150000
2351,3,4,2,27,Chennai,12070000
1145,3,2,1,26,Madurai,5710000
873,2,2,3,16,Chennai,5590000
1565,2,1,3,27,Trichy,7680000
2753,2,1,3,3,Coimbatore,14020000
548,1,1,1,6,Trichy,3310000
844,5,4,0,0,Chennai,7160000
2316,2,1,2,3,Chennai,12560000
707,2,3,3,15,Chennai,5180000
2247,2,2,1,29,Coimbatore,10500000
1646,4,4,0,19,Salem,8910000
1708,4,4,3,1,Chennai,11180000
2068,2,3,1,20,Salem,10020000
2726,1,2,2,15,Salem,13080000
1909,5,4,3,8,Coimbatore,11520000
1806,5,4,0,28,Madurai,9440000
2432,5,4,1,5,Chennai,14250000
1487,3,2,1,18,Trichy,7810000
1211,2,2,2,25,Madurai,5730000
1940,5,4,1,26,Trichy,10750000
